model,split,season,metric,value
persistence,val,all,mae_masked,80.78560095011876
persistence,val,all,rmse_masked,130.21379301153664
persistence,val,all,mape_masked,24.20733824091861
persistence,val,all,mae_unmasked,39.12159435261707
persistence,val,all,rmse_unmasked,90.527235016544
persistence,val,all,n_hours_masked,4210.0
persistence,val,all,n_hours_total,8712.0
persistence,val,all,n_forecast_days,363.0
persistence,val,all,skill_score_masked,0.0
persistence,val,all,skill_score_unmasked,0.0
persistence,val,wet,mae_masked,89.7153629032258
persistence,val,wet,rmse_masked,148.69372538093626
persistence,val,wet,mape_masked,28.44539619874779
persistence,val,wet,mae_unmasked,43.60706043418737
persistence,val,wet,rmse_unmasked,103.56325329693038
persistence,val,wet,n_hours_masked,2480.0
persistence,val,wet,n_hours_total,5113.0
persistence,val,wet,n_forecast_days,363.0
persistence,val,wet,skill_score_masked,0.0
persistence,val,wet,skill_score_unmasked,0.0
persistence,val,dry,mae_masked,67.9845549132948
persistence,val,dry,rmse_masked,97.81085563060346
persistence,val,dry,mape_masked,18.13197191986868
persistence,val,dry,mae_unmasked,32.749216449013616
persistence,val,dry,rmse_unmasked,67.82802970977065
persistence,val,dry,n_hours_masked,1730.0
persistence,val,dry,n_hours_total,3599.0
persistence,val,dry,n_forecast_days,363.0
persistence,val,dry,skill_score_masked,0.0
persistence,val,dry,skill_score_unmasked,0.0
persistence,val,all,mae_masked_hour_06,10.29405109489051
persistence,val,all,rmse_masked_hour_06,13.921399153086663
persistence,val,all,mae_masked_hour_07,36.99537190082645
persistence,val,all,rmse_masked_hour_07,51.15360778607586
persistence,val,all,mae_masked_hour_08,65.4604958677686
persistence,val,all,rmse_masked_hour_08,95.83797283391694
persistence,val,all,mae_masked_hour_09,86.21272727272726
persistence,val,all,rmse_masked_hour_09,134.80524415537636
persistence,val,all,mae_masked_hour_10,101.77176308539946
persistence,val,all,rmse_masked_hour_10,160.38119088536274
persistence,val,all,mae_masked_hour_11,118.98548209366392
persistence,val,all,rmse_masked_hour_11,178.9216989806315
persistence,val,all,mae_masked_hour_12,131.87873278236913
persistence,val,all,rmse_masked_hour_12,189.20187676050406
persistence,val,all,mae_masked_hour_13,124.56413223140495
persistence,val,all,rmse_masked_hour_13,177.39078016360475
persistence,val,all,mae_masked_hour_14,111.72101928374654
persistence,val,all,rmse_masked_hour_14,152.49407973424573
persistence,val,all,mae_masked_hour_15,86.25363636363636
persistence,val,all,rmse_masked_hour_15,115.40247417627367
persistence,val,all,mae_masked_hour_16,50.60545454545455
persistence,val,all,rmse_masked_hour_16,66.80831684753029
persistence,val,all,mae_masked_hour_17,17.457156862745098
persistence,val,all,rmse_masked_hour_17,24.162346084365517
persistence,val,all,mae_masked_month_01,62.72381097560976
persistence,val,all,rmse_masked_month_01,92.48466693780954
persistence,val,all,mae_masked_month_02,78.21051948051947
persistence,val,all,rmse_masked_month_02,104.9651788643547
persistence,val,all,mae_masked_month_03,61.060054945054944
persistence,val,all,rmse_masked_month_03,87.40630372129793
persistence,val,all,mae_masked_month_04,72.69333333333334
persistence,val,all,rmse_masked_month_04,108.59723771297726
persistence,val,all,mae_masked_month_05,66.3664054054054
persistence,val,all,rmse_masked_month_05,94.80220736824587
persistence,val,all,mae_masked_month_06,127.42474860335194
persistence,val,all,rmse_masked_month_06,191.79640159066722
persistence,val,all,mae_masked_month_07,96.54080645161291
persistence,val,all,rmse_masked_month_07,147.68571265920042
persistence,val,all,mae_masked_month_08,118.9911051212938
persistence,val,all,rmse_masked_month_08,191.09161870162018
persistence,val,all,mae_masked_month_09,57.97075
persistence,val,all,rmse_masked_month_09,101.05905269939949
persistence,val,all,mae_masked_month_10,84.34897222222223
persistence,val,all,rmse_masked_month_10,149.4286195358469
persistence,val,all,mae_masked_month_11,89.47363636363636
persistence,val,all,rmse_masked_month_11,138.853811337789
persistence,val,all,mae_masked_month_12,48.801702127659574
persistence,val,all,rmse_masked_month_12,76.4779311394325
lstm,val,all,mae_masked,68.76407980772318
lstm,val,all,rmse_masked,101.02128461681642
lstm,val,all,mape_masked,23.693212630389116
lstm,val,all,mae_unmasked,37.022327099417375
lstm,val,all,rmse_unmasked,70.67593389503168
lstm,val,all,n_hours_masked,4210.0
lstm,val,all,n_hours_total,8712.0
lstm,val,all,n_forecast_days,363.0
lstm,val,all,skill_score_masked,0.2241890641503227
lstm,val,all,skill_score_unmasked,0.21928540198852275
lstm,val,wet,mae_masked,75.65628431895125
lstm,val,wet,rmse_masked,111.92269582584574
lstm,val,wet,mape_masked,27.795681191973355
lstm,val,wet,mae_unmasked,40.78457468121586
lstm,val,wet,rmse_unmasked,78.34953211587624
lstm,val,wet,n_hours_masked,2480.0
lstm,val,wet,n_hours_total,5113.0
lstm,val,wet,n_forecast_days,363.0
lstm,val,wet,skill_score_masked,0.2472937540631749
lstm,val,wet,skill_score_unmasked,0.2434620425525149
lstm,val,dry,mae_masked,58.8839253638818
lstm,val,dry,rmse_masked,82.93085763306212
lstm,val,dry,mape_masked,17.812217235748122
lstm,val,dry,mae_unmasked,31.67740576411989
lstm,val,dry,rmse_unmasked,58.055674043609024
lstm,val,dry,n_hours_masked,1730.0
lstm,val,dry,n_hours_total,3599.0
lstm,val,dry,n_forecast_days,363.0
lstm,val,dry,skill_score_masked,0.1521303325853498
lstm,val,dry,skill_score_unmasked,0.14407547599387094
lstm,val,all,mae_masked_hour_06,23.3866671791123
lstm,val,all,rmse_masked_hour_06,28.415232982903415
lstm,val,all,mae_masked_hour_07,31.466880381556035
lstm,val,all,rmse_masked_hour_07,41.44825233659822
lstm,val,all,mae_masked_hour_08,53.72843803446844
lstm,val,all,rmse_masked_hour_08,74.52000776047116
lstm,val,all,mae_masked_hour_09,74.12352960402643
lstm,val,all,rmse_masked_hour_09,102.74749433264556
lstm,val,all,mae_masked_hour_10,92.83951877169505
lstm,val,all,rmse_masked_hour_10,125.0771041995284
lstm,val,all,mae_masked_hour_11,99.88008976812858
lstm,val,all,rmse_masked_hour_11,136.16559587772136
lstm,val,all,mae_masked_hour_12,106.36841028659907
lstm,val,all,rmse_masked_hour_12,144.40809855681417
lstm,val,all,mae_masked_hour_13,97.57874126067453
lstm,val,all,rmse_masked_hour_13,133.68987521135656
lstm,val,all,mae_masked_hour_14,90.71739588055314
lstm,val,all,rmse_masked_hour_14,119.72786784005872
lstm,val,all,mae_masked_hour_15,73.38298152345008
lstm,val,all,rmse_masked_hour_15,94.33569284751127
lstm,val,all,mae_masked_hour_16,45.00128737324793
lstm,val,all,rmse_masked_hour_16,57.83677714238912
lstm,val,all,mae_masked_hour_17,17.523363158172693
lstm,val,all,rmse_masked_hour_17,22.5900427126587
lstm,val,all,mae_masked_month_01,47.19534861262295
lstm,val,all,rmse_masked_month_01,65.22689690755224
lstm,val,all,mae_masked_month_02,60.889028778346415
lstm,val,all,rmse_masked_month_02,80.21459760685032
lstm,val,all,mae_masked_month_03,52.12464024554105
lstm,val,all,rmse_masked_month_03,71.58478287357539
lstm,val,all,mae_masked_month_04,73.09776217255062
lstm,val,all,rmse_masked_month_04,107.88928382297797
lstm,val,all,mae_masked_month_05,60.39657361986301
lstm,val,all,rmse_masked_month_05,81.6242343384453
lstm,val,all,mae_masked_month_06,89.46573995974927
lstm,val,all,rmse_masked_month_06,130.0523654674199
lstm,val,all,mae_masked_month_07,72.19835455852183
lstm,val,all,rmse_masked_month_07,103.09716952522459
lstm,val,all,mae_masked_month_08,101.98237078419606
lstm,val,all,rmse_masked_month_08,155.83112098129195
lstm,val,all,mae_masked_month_09,73.59921185737433
lstm,val,all,rmse_masked_month_09,93.22214890632212
lstm,val,all,mae_masked_month_10,77.13488939458311
lstm,val,all,rmse_masked_month_10,109.93990794328562
lstm,val,all,mae_masked_month_11,63.08463139882222
lstm,val,all,rmse_masked_month_11,95.14752463967402
lstm,val,all,mae_masked_month_12,48.095434457100204
lstm,val,all,rmse_masked_month_12,69.31531186700529
persistence,test,all,mae_masked,77.84651454244504
persistence,test,all,rmse_masked,123.34798990516175
persistence,test,all,mape_masked,21.640170626310763
persistence,test,all,mae_unmasked,37.74709935897435
persistence,test,all,rmse_unmasked,85.82451000303996
persistence,test,all,n_hours_masked,4229.0
persistence,test,all,n_hours_total,8736.0
persistence,test,all,n_forecast_days,364.0
persistence,test,all,skill_score_masked,0.0
persistence,test,all,skill_score_unmasked,0.0
persistence,test,wet,mae_masked,90.60609028617493
persistence,test,wet,rmse_masked,140.14666586258207
persistence,test,wet,mape_masked,26.271413417918506
persistence,test,wet,mae_unmasked,44.050842949344805
persistence,test,wet,rmse_unmasked,97.62895444618182
persistence,test,wet,n_hours_masked,2481.0
persistence,test,wet,n_hours_total,5113.0
persistence,test,wet,n_forecast_days,364.0
persistence,test,wet,skill_score_masked,0.0
persistence,test,wet,skill_score_unmasked,0.0
persistence,test,dry,mae_masked,59.73638443935928
persistence,test,dry,rmse_masked,94.51048044991698
persistence,test,dry,mape_masked,15.066879227009384
persistence,test,dry,mae_unmasked,28.85086944521115
persistence,test,dry,rmse_unmasked,65.648050392546
persistence,test,dry,n_hours_masked,1748.0
persistence,test,dry,n_hours_total,3623.0
persistence,test,dry,n_forecast_days,364.0
persistence,test,dry,skill_score_masked,0.0
persistence,test,dry,skill_score_unmasked,0.0
persistence,test,all,mae_masked_hour_06,9.297526881720431
persistence,test,all,rmse_masked_hour_06,12.63982270133355
persistence,test,all,mae_masked_hour_07,34.639258241758235
persistence,test,all,rmse_masked_hour_07,48.3399773837508
persistence,test,all,mae_masked_hour_08,63.830384615384624
persistence,test,all,rmse_masked_hour_08,96.11266249151977
persistence,test,all,mae_masked_hour_09,82.38593406593407
persistence,test,all,rmse_masked_hour_09,128.2416180346842
persistence,test,all,mae_masked_hour_10,94.9962087912088
persistence,test,all,rmse_masked_hour_10,143.97426237482043
persistence,test,all,mae_masked_hour_11,109.7067857142857
persistence,test,all,rmse_masked_hour_11,161.14420985922467
persistence,test,all,mae_masked_hour_12,125.07810439560441
persistence,test,all,rmse_masked_hour_12,176.01510106372274
persistence,test,all,mae_masked_hour_13,128.31736263736263
persistence,test,all,rmse_masked_hour_13,171.38972780071853
persistence,test,all,mae_masked_hour_14,112.54186813186813
persistence,test,all,rmse_masked_hour_14,155.0811994826163
persistence,test,all,mae_masked_hour_15,86.17043956043956
persistence,test,all,rmse_masked_hour_15,115.41627574866686
persistence,test,all,mae_masked_hour_16,46.582857142857144
persistence,test,all,rmse_masked_hour_16,61.87030820928637
persistence,test,all,mae_masked_hour_17,15.329645161290324
persistence,test,all,rmse_masked_hour_17,20.930737167789786
persistence,test,all,mae_masked_month_01,50.16996969696969
persistence,test,all,rmse_masked_month_01,75.12814777956314
persistence,test,all,mae_masked_month_02,41.36689655172413
persistence,test,all,rmse_masked_month_02,58.44913645513591
persistence,test,all,mae_masked_month_03,45.12301630434783
persistence,test,all,rmse_masked_month_03,69.17476813454014
persistence,test,all,mae_masked_month_04,70.15222841225626
persistence,test,all,rmse_masked_month_04,107.31852832186023
persistence,test,all,mae_masked_month_05,88.37943548387095
persistence,test,all,rmse_masked_month_05,134.85862134600103
persistence,test,all,mae_masked_month_06,104.74422222222222
persistence,test,all,rmse_masked_month_06,149.7474002723698
persistence,test,all,mae_masked_month_07,121.41701612903228
persistence,test,all,rmse_masked_month_07,177.79424174321005
persistence,test,all,mae_masked_month_08,104.33717741935484
persistence,test,all,rmse_masked_month_08,165.53456165369735
persistence,test,all,mae_masked_month_09,69.83852367688021
persistence,test,all,rmse_masked_month_09,105.80372984853003
persistence,test,all,mae_masked_month_10,67.58638888888889
persistence,test,all,rmse_masked_month_10,103.12955306581888
persistence,test,all,mae_masked_month_11,99.75128440366973
persistence,test,all,rmse_masked_month_11,153.27017808302583
persistence,test,all,mae_masked_month_12,63.69616314199396
persistence,test,all,rmse_masked_month_12,97.93483746874863
lstm,test,all,mae_masked,62.81647449567498
lstm,test,all,rmse_masked,90.78400676778315
lstm,test,all,mape_masked,21.00544042892006
lstm,test,all,mae_unmasked,34.28236717724775
lstm,test,all,rmse_unmasked,63.68036716807013
lstm,test,all,n_hours_masked,4229.0
lstm,test,all,n_hours_total,8736.0
lstm,test,all,n_forecast_days,364.0
lstm,test,all,skill_score_masked,0.2640009226126505
lstm,test,all,skill_score_unmasked,0.2580165367001277
lstm,test,wet,mae_masked,70.6763564763638
lstm,test,wet,rmse_masked,100.13412977086628
lstm,test,wet,mape_masked,24.62821952055319
lstm,test,wet,mae_unmasked,38.477263435542994
lstm,test,wet,rmse_unmasked,70.21246618978753
lstm,test,wet,n_hours_masked,2481.0
lstm,test,wet,n_hours_total,5113.0
lstm,test,wet,n_forecast_days,364.0
lstm,test,wet,skill_score_masked,0.2855047306722891
lstm,test,wet,skill_score_unmasked,0.2808233316839185
lstm,test,dry,mae_masked,51.66065802308405
lstm,test,dry,rmse_masked,75.55175090544107
lstm,test,dry,mape_masked,15.86349825137898
lstm,test,dry,mae_unmasked,28.3622720713511
lstm,test,dry,rmse_unmasked,53.11212852714063
lstm,test,dry,n_hours_masked,1748.0
lstm,test,dry,n_hours_total,3623.0
lstm,test,dry,n_forecast_days,364.0
lstm,test,dry,skill_score_masked,0.20059922935766394
lstm,test,dry,skill_score_unmasked,0.1909564989431698
lstm,test,all,mae_masked_hour_06,25.325696185578114
lstm,test,all,rmse_masked_hour_06,30.954179360999223
lstm,test,all,mae_masked_hour_07,31.19883437526215
lstm,test,all,rmse_masked_hour_07,40.361942887909606
lstm,test,all,mae_masked_hour_08,52.164008974144956
lstm,test,all,rmse_masked_hour_08,69.93946027643908
lstm,test,all,mae_masked_hour_09,65.34048548485455
lstm,test,all,rmse_masked_hour_09,89.91971306137117
lstm,test,all,mae_masked_hour_10,80.64226380266109
lstm,test,all,rmse_masked_hour_10,105.68913521614652
lstm,test,all,mae_masked_hour_11,85.3790971812248
lstm,test,all,rmse_masked_hour_11,117.61453960700649
lstm,test,all,mae_masked_hour_12,95.15760648676347
lstm,test,all,rmse_masked_hour_12,128.27633545310545
lstm,test,all,mae_masked_hour_13,93.23329526340416
lstm,test,all,rmse_masked_hour_13,123.46827271657952
lstm,test,all,mae_masked_hour_14,85.62851450261915
lstm,test,all,rmse_masked_hour_14,113.36200457340286
lstm,test,all,mae_masked_hour_15,68.35698388213484
lstm,test,all,rmse_masked_hour_15,89.05845865840733
lstm,test,all,mae_masked_hour_16,39.008922373387776
lstm,test,all,rmse_masked_hour_16,50.528240723252516
lstm,test,all,mae_masked_hour_17,16.777280385815672
lstm,test,all,rmse_masked_hour_17,20.981853906188512
lstm,test,all,mae_masked_month_01,35.413184476783606
lstm,test,all,rmse_masked_month_01,49.297878102837814
lstm,test,all,mae_masked_month_02,38.389704653081864
lstm,test,all,rmse_masked_month_02,47.840977409878796
lstm,test,all,mae_masked_month_03,52.94812210981811
lstm,test,all,rmse_masked_month_03,65.9674795359574
lstm,test,all,mae_masked_month_04,59.8131291687867
lstm,test,all,rmse_masked_month_04,82.20626506298848
lstm,test,all,mae_masked_month_05,68.31274530825736
lstm,test,all,rmse_masked_month_05,108.97975544894248
lstm,test,all,mae_masked_month_06,81.1936473620746
lstm,test,all,rmse_masked_month_06,115.45000752693088
lstm,test,all,mae_masked_month_07,83.74239773923472
lstm,test,all,rmse_masked_month_07,118.2116583621357
lstm,test,all,mae_masked_month_08,65.9260446760948
lstm,test,all,rmse_masked_month_08,95.62252429908636
lstm,test,all,mae_masked_month_09,73.27749441360199
lstm,test,all,rmse_masked_month_09,93.8800867321461
lstm,test,all,mae_masked_month_10,70.79605549045898
lstm,test,all,rmse_masked_month_10,94.66810831257406
lstm,test,all,mae_masked_month_11,71.27318824772483
lstm,test,all,rmse_masked_month_11,105.94235669835746
lstm,test,all,mae_masked_month_12,46.350857283851234
lstm,test,all,rmse_masked_month_12,65.45089446420896
